<?xml version="1.0" encoding="UTF-8" standalone="yes"?>
<addon id="plugin.program.buildalex" name="[COLOR blue]TV[/COLOR][COLOR yellow]BOX[/COLOR][COLOR red]ALEX[/COLOR][COLOR white]BUILD WIZARD[/COLOR]" version="0.0.1" provider-name="[COLOR blue][B]ALEX[/B][/COLOR]">
  <requires>
    <import addon="xbmc.python" version="2.1.0"/>
	<import addon="script.module.addon.common" />
	<import addon="plugin.program.tvboxalexboxnotifications" />
  </requires>
  <extension point="xbmc.python.pluginsource" library="default.py">
        <provides>video executable</provides>
  </extension>
  <extension point="xbmc.addon.metadata">
    <summary lang="en">[COLOR blue]TV[/COLOR][COLOR yellow]BOX[/COLOR][COLOR red]ALEX[/COLOR] Wizard</summary>
    <description lang="en">[COLOR blue]TV[/COLOR][COLOR yellow]BOX[/COLOR][COLOR red]ALEX[/COLOR] Wizard provides easy access to Builds, Maintenance Tools.</description>
    <platform>all</platform>
  </extension>
</addon>
