﻿<?xml version="1.0" encoding="UTF-8" standalone="yes"?>
<addon id="repository.tvboxalexbuild" name="[COLOR blue]TV[/COLOR][COLOR yellow]BOX[/COLOR][COLOR red]ALEX[/COLOR][COLOR white]REPOSITORY BUILD[/COLOR]" version="0.0.1" provider-name="[COLOR blue][B]AMO[/B][/COLOR][COLOR green]box[/COLOR]">
	<extension point="xbmc.addon.repository" name="Demonstration Add-on Repository">
		<info compressed="false">http://raw.github.com/alexandrems1000/TVBOXALEXBUILD/master/addons.xml</info>
		<checksum>http://raw.github.com/alexandrems1000/TVBOXALEXBUILD/master/addons.xml.md5</checksum>
		<datadir zip="true">http://raw.github.com/alexandrems1000/TVBOXALEXBUILD/master/repo/</datadir>
	</extension>
	<extension point="xbmc.addon.metadata">
		<summary>TVBOXALEXBUILD</summary>
		<description>TVBOXALEXBUILD Installer</description>
		<disclaimer></disclaimer>
		<platform>all</platform>
	</extension>
</addon>